"","x"
"1","X.ref"
"2","items.state"
"3","items.prj_seq"
"4","items.prj_title"
"5","items.total_319_funds"
"6","items.description"
"7","items.will_has_load_reductions_ind"
"8","items.project_type"
"9","items.huc_8"
"10","items.huc_12"
"11","items.pollutants"
"12","items.statewide_ind"
"13","items.project_start_date"
"14","items.project_link"
"15","X.ref"
"16","items.state"
"17","items.prj_seq"
"18","items.prj_title"
"19","items.total_319_funds"
"20","items.description"
"21","items.will_has_load_reductions_ind"
"22","items.project_type"
"23","items.huc_8"
"24","items.huc_12"
"25","items.statewide_ind"
"26","items.project_start_date"
"27","items.status"
"28","items.project_link"
"29","X.ref"
"30","items.state"
"31","items.prj_seq"
"32","items.prj_title"
"33","items.total_319_funds"
"34","items.description"
"35","items.will_has_load_reductions_ind"
"36","items.project_type"
"37","items.huc_8"
"38","items.huc_12"
"39","items.pollutants"
"40","items.statewide_ind"
"41","items.project_start_date"
"42","items.status"
"43","items.project_link"
"44","items.ws_protect_ind"
"45","items.watershed_plans"
"46","X.ref"
"47","items.state"
"48","items.prj_seq"
"49","items.prj_title"
"50","items.total_319_funds"
"51","items.description"
"52","items.will_has_load_reductions_ind"
"53","items.project_type"
"54","items.huc_8"
"55","items.huc_12"
"56","items.statewide_ind"
"57","items.project_start_date"
"58","items.status"
"59","items.project_link"
"60","items.ws_protect_ind"
"61","X.ref"
"62","items.state"
"63","items.prj_seq"
"64","items.prj_title"
"65","items.total_319_funds"
"66","items.description"
"67","items.will_has_load_reductions_ind"
"68","items.project_type"
"69","items.huc_8"
"70","items.huc_12"
"71","items.statewide_ind"
"72","items.project_start_date"
"73","items.status"
"74","items.project_link"
"75","X.ref"
"76","items.state"
"77","items.prj_seq"
"78","items.prj_title"
"79","items.total_319_funds"
"80","items.description"
"81","items.will_has_load_reductions_ind"
"82","items.project_type"
"83","items.huc_8"
"84","items.huc_12"
"85","items.statewide_ind"
"86","items.project_start_date"
"87","items.status"
"88","items.project_link"
"89","items.pollutants"
"90","X.ref"
"91","items.state"
"92","items.prj_seq"
"93","items.prj_title"
"94","items.total_319_funds"
"95","items.description"
"96","items.will_has_load_reductions_ind"
"97","items.project_type"
"98","items.huc_8"
"99","items.huc_12"
"100","items.statewide_ind"
"101","items.project_start_date"
"102","items.status"
"103","items.project_link"
"104","X.ref"
"105","items.state"
"106","items.prj_seq"
"107","items.prj_title"
"108","items.total_319_funds"
"109","items.description"
"110","items.will_has_load_reductions_ind"
"111","items.project_type"
"112","items.huc_8"
"113","items.huc_12"
"114","items.statewide_ind"
"115","items.project_start_date"
"116","items.status"
"117","items.project_link"
"118","items.ws_protect_ind"
"119","X.ref"
"120","items.state"
"121","items.prj_seq"
"122","items.prj_title"
"123","items.total_319_funds"
"124","items.description"
"125","items.will_has_load_reductions_ind"
"126","items.project_type"
"127","items.huc_8"
"128","items.huc_12"
"129","items.pollutants"
"130","items.statewide_ind"
"131","items.project_start_date"
"132","items.status"
"133","items.project_link"
"134","items.ws_protect_ind"
"135","X.ref"
"136","items.state"
"137","items.prj_seq"
"138","items.prj_title"
"139","items.total_319_funds"
"140","items.description"
"141","items.will_has_load_reductions_ind"
"142","items.project_type"
"143","items.huc_8"
"144","items.huc_12"
"145","items.pollutants"
"146","items.statewide_ind"
"147","items.project_start_date"
"148","items.status"
"149","items.project_link"
"150","X.ref"
"151","items.state"
"152","items.prj_seq"
"153","items.prj_title"
"154","items.total_319_funds"
"155","items.description"
"156","items.will_has_load_reductions_ind"
"157","items.project_type"
"158","items.huc_8"
"159","items.huc_12"
"160","items.statewide_ind"
"161","items.project_start_date"
"162","items.status"
"163","items.project_link"
"164","X.ref"
"165","items.state"
"166","items.prj_seq"
"167","items.prj_title"
"168","items.total_319_funds"
"169","items.description"
"170","items.will_has_load_reductions_ind"
"171","items.project_type"
"172","items.huc_8"
"173","items.huc_12"
"174","items.statewide_ind"
"175","items.project_start_date"
"176","items.status"
"177","items.project_link"
"178","items.ws_protect_ind"
"179","items.pollutants"
"180","X.ref"
"181","items.state"
"182","items.prj_seq"
"183","items.prj_title"
"184","items.total_319_funds"
"185","items.description"
"186","items.will_has_load_reductions_ind"
"187","items.project_type"
"188","items.huc_8"
"189","items.huc_12"
"190","items.statewide_ind"
"191","items.project_start_date"
"192","items.status"
"193","items.project_link"
"194","X.ref"
"195","items.state"
"196","items.prj_seq"
"197","items.prj_title"
"198","items.total_319_funds"
"199","items.description"
"200","items.will_has_load_reductions_ind"
"201","items.project_type"
"202","items.huc_8"
"203","items.huc_12"
"204","items.pollutants"
"205","items.statewide_ind"
"206","items.project_start_date"
"207","items.status"
"208","items.project_link"
"209","items.ws_protect_ind"
"210","X.ref"
"211","items.state"
"212","items.prj_seq"
"213","items.prj_title"
"214","items.total_319_funds"
"215","items.description"
"216","items.will_has_load_reductions_ind"
"217","items.project_type"
"218","items.huc_8"
"219","items.huc_12"
"220","items.pollutants"
"221","items.statewide_ind"
"222","items.project_start_date"
"223","items.status"
"224","items.project_link"
"225","items.watershed_plans"
"226","X.ref"
"227","items.state"
"228","items.prj_seq"
"229","items.prj_title"
"230","items.total_319_funds"
"231","items.description"
"232","items.will_has_load_reductions_ind"
"233","items.project_type"
"234","items.huc_8"
"235","items.huc_12"
"236","items.statewide_ind"
"237","items.project_start_date"
"238","items.status"
"239","items.project_link"
"240","X.ref"
"241","items.state"
"242","items.prj_seq"
"243","items.prj_title"
"244","items.total_319_funds"
"245","items.description"
"246","items.will_has_load_reductions_ind"
"247","items.project_type"
"248","items.huc_8"
"249","items.huc_12"
"250","items.statewide_ind"
"251","items.project_start_date"
"252","items.status"
"253","items.project_link"
"254","X.ref"
"255","items.state"
"256","items.prj_seq"
"257","items.prj_title"
"258","items.total_319_funds"
"259","items.description"
"260","items.will_has_load_reductions_ind"
"261","items.project_type"
"262","items.huc_8"
"263","items.huc_12"
"264","items.pollutants"
"265","items.statewide_ind"
"266","items.project_start_date"
"267","items.status"
"268","items.project_link"
"269","X.ref"
"270","items.state"
"271","items.prj_seq"
"272","items.prj_title"
"273","items.total_319_funds"
"274","items.description"
"275","items.will_has_load_reductions_ind"
"276","items.project_type"
"277","items.huc_8"
"278","items.huc_12"
"279","items.pollutants"
"280","items.statewide_ind"
"281","items.project_start_date"
"282","items.status"
"283","items.project_link"
"284","X.ref"
"285","items.state"
"286","items.prj_seq"
"287","items.prj_title"
"288","items.total_319_funds"
"289","items.description"
"290","items.will_has_load_reductions_ind"
"291","items.project_type"
"292","items.huc_8"
"293","items.huc_12"
"294","items.pollutants"
"295","items.statewide_ind"
"296","items.project_start_date"
"297","items.status"
"298","items.project_link"
"299","X.ref"
"300","items.state"
"301","items.prj_seq"
"302","items.prj_title"
"303","items.total_319_funds"
"304","items.description"
"305","items.will_has_load_reductions_ind"
"306","items.project_type"
"307","items.huc_8"
"308","items.huc_12"
"309","items.pollutants"
"310","items.statewide_ind"
"311","items.project_start_date"
"312","items.status"
"313","items.project_link"
"314","X.ref"
"315","items.state"
"316","items.prj_seq"
"317","items.prj_title"
"318","items.total_319_funds"
"319","items.description"
"320","items.will_has_load_reductions_ind"
"321","items.project_type"
"322","items.huc_8"
"323","items.huc_12"
"324","items.pollutants"
"325","items.statewide_ind"
"326","items.project_start_date"
"327","items.status"
"328","items.project_link"
"329","items.ws_protect_ind"
"330","X.ref"
"331","items.state"
"332","items.prj_seq"
"333","items.prj_title"
"334","items.total_319_funds"
"335","items.description"
"336","items.will_has_load_reductions_ind"
"337","items.project_type"
"338","items.huc_8"
"339","items.huc_12"
"340","items.statewide_ind"
"341","items.project_start_date"
"342","items.status"
"343","items.project_link"
"344","X.ref"
"345","items.state"
"346","items.prj_seq"
"347","items.prj_title"
"348","items.total_319_funds"
"349","items.description"
"350","items.will_has_load_reductions_ind"
"351","items.project_type"
"352","items.huc_8"
"353","items.huc_12"
"354","items.statewide_ind"
"355","items.project_start_date"
"356","items.project_link"
"357","X.ref"
"358","items.state"
"359","items.prj_seq"
"360","items.prj_title"
"361","items.total_319_funds"
"362","items.description"
"363","items.will_has_load_reductions_ind"
"364","items.project_type"
"365","items.huc_8"
"366","items.huc_12"
"367","items.statewide_ind"
"368","items.project_start_date"
"369","items.status"
"370","items.project_link"
"371","X.ref"
"372","items.state"
"373","items.prj_seq"
"374","items.prj_title"
"375","items.total_319_funds"
"376","items.description"
"377","items.will_has_load_reductions_ind"
"378","items.project_type"
"379","items.huc_8"
"380","items.huc_12"
"381","items.pollutants"
"382","items.statewide_ind"
"383","items.project_start_date"
"384","items.status"
"385","items.project_link"
"386","items.ws_protect_ind"
"387","items.watershed_plans"
"388","X.ref"
"389","items.state"
"390","items.prj_seq"
"391","items.prj_title"
"392","items.total_319_funds"
"393","items.description"
"394","items.will_has_load_reductions_ind"
"395","items.project_type"
"396","items.huc_8"
"397","items.huc_12"
"398","items.pollutants"
"399","items.statewide_ind"
"400","items.project_start_date"
"401","items.status"
"402","items.project_link"
"403","items.watershed_plans"
"404","items.ws_protect_ind"
"405","X.ref"
"406","items.state"
"407","items.prj_seq"
"408","items.prj_title"
"409","items.total_319_funds"
"410","items.description"
"411","items.will_has_load_reductions_ind"
"412","items.project_type"
"413","items.huc_8"
"414","items.huc_12"
"415","items.statewide_ind"
"416","items.project_start_date"
"417","items.project_link"
"418","X.ref"
"419","items.state"
"420","items.prj_seq"
"421","items.prj_title"
"422","items.total_319_funds"
"423","items.description"
"424","items.will_has_load_reductions_ind"
"425","items.project_type"
"426","items.huc_8"
"427","items.huc_12"
"428","items.statewide_ind"
"429","items.project_start_date"
"430","items.status"
"431","items.project_link"
"432","items.ws_protect_ind"
"433","items.watershed_plans"
"434","X.ref"
"435","items.state"
"436","items.prj_seq"
"437","items.prj_title"
"438","items.total_319_funds"
"439","items.description"
"440","items.will_has_load_reductions_ind"
"441","items.project_type"
"442","items.huc_8"
"443","items.huc_12"
"444","items.statewide_ind"
"445","items.project_start_date"
"446","items.status"
"447","items.project_link"
"448","X.ref"
"449","items.state"
"450","items.prj_seq"
"451","items.prj_title"
"452","items.total_319_funds"
"453","items.description"
"454","items.will_has_load_reductions_ind"
"455","items.project_type"
"456","items.huc_8"
"457","items.huc_12"
"458","items.pollutants"
"459","items.statewide_ind"
"460","items.project_start_date"
"461","items.status"
"462","items.project_link"
"463","X.ref"
"464","items.state"
"465","items.prj_seq"
"466","items.prj_title"
"467","items.total_319_funds"
"468","items.description"
"469","items.will_has_load_reductions_ind"
"470","items.project_type"
"471","items.huc_8"
"472","items.huc_12"
"473","items.pollutants"
"474","items.statewide_ind"
"475","items.project_start_date"
"476","items.status"
"477","items.project_link"
"478","items.ws_protect_ind"
"479","X.ref"
"480","items.state"
"481","items.prj_seq"
"482","items.prj_title"
"483","items.total_319_funds"
"484","items.description"
"485","items.will_has_load_reductions_ind"
"486","items.project_type"
"487","items.huc_8"
"488","items.huc_12"
"489","items.statewide_ind"
"490","items.project_start_date"
"491","items.status"
"492","items.project_link"
"493","items.ws_protect_ind"
"494","items.pollutants"
"495","X.ref"
"496","items.state"
"497","items.prj_seq"
"498","items.prj_title"
"499","items.total_319_funds"
"500","items.description"
"501","items.will_has_load_reductions_ind"
"502","items.project_type"
"503","items.huc_8"
"504","items.huc_12"
"505","items.statewide_ind"
"506","items.project_start_date"
"507","items.status"
"508","items.project_link"
"509","items.ws_protect_ind"
"510","items.watershed_plans"
"511","X.ref"
"512","items.state"
"513","items.prj_seq"
"514","items.prj_title"
"515","items.total_319_funds"
"516","items.description"
"517","items.will_has_load_reductions_ind"
"518","items.project_type"
"519","items.huc_8"
"520","items.huc_12"
"521","items.statewide_ind"
"522","items.project_start_date"
"523","items.status"
"524","items.project_link"
"525","X.ref"
"526","items.state"
"527","items.prj_seq"
"528","items.prj_title"
"529","items.total_319_funds"
"530","items.description"
"531","items.will_has_load_reductions_ind"
"532","items.project_type"
"533","items.huc_8"
"534","items.huc_12"
"535","items.statewide_ind"
"536","items.project_start_date"
"537","items.status"
"538","items.project_link"
"539","X.ref"
"540","items.state"
"541","items.prj_seq"
"542","items.prj_title"
"543","items.total_319_funds"
"544","items.description"
"545","items.will_has_load_reductions_ind"
"546","items.project_type"
"547","items.huc_8"
"548","items.huc_12"
"549","items.pollutants"
"550","items.statewide_ind"
"551","items.project_start_date"
"552","items.status"
"553","items.project_link"
"554","items.ws_protect_ind"
"555","X.ref"
"556","items.state"
"557","items.prj_seq"
"558","items.prj_title"
"559","items.total_319_funds"
"560","items.description"
"561","items.will_has_load_reductions_ind"
"562","items.project_type"
"563","items.huc_8"
"564","items.huc_12"
"565","items.statewide_ind"
"566","items.project_start_date"
"567","items.status"
"568","items.project_link"
"569","items.ws_protect_ind"
"570","items.watershed_plans"
"571","X.ref"
"572","items.state"
"573","items.prj_seq"
"574","items.prj_title"
"575","items.total_319_funds"
"576","items.description"
"577","items.will_has_load_reductions_ind"
"578","items.project_type"
"579","items.huc_8"
"580","items.huc_12"
"581","items.pollutants"
"582","items.statewide_ind"
"583","items.project_start_date"
"584","items.status"
"585","items.project_link"
"586","X.ref"
"587","items.state"
"588","items.prj_seq"
"589","items.prj_title"
"590","items.total_319_funds"
"591","items.description"
"592","items.will_has_load_reductions_ind"
"593","items.project_type"
"594","items.huc_8"
"595","items.huc_12"
"596","items.pollutants"
"597","items.statewide_ind"
"598","items.project_start_date"
"599","items.project_link"
"600","items.status"
"601","X.ref"
"602","items.state"
"603","items.prj_seq"
"604","items.prj_title"
"605","items.total_319_funds"
"606","items.description"
"607","items.will_has_load_reductions_ind"
"608","items.project_type"
"609","items.huc_8"
"610","items.huc_12"
"611","items.statewide_ind"
"612","items.project_start_date"
"613","items.status"
"614","items.project_link"
"615","items.ws_protect_ind"
"616","items.watershed_plans"
"617","X.ref"
"618","items.state"
"619","items.prj_seq"
"620","items.prj_title"
"621","items.total_319_funds"
"622","items.description"
"623","items.will_has_load_reductions_ind"
"624","items.project_type"
"625","items.huc_8"
"626","items.huc_12"
"627","items.statewide_ind"
"628","items.project_start_date"
"629","items.status"
"630","items.project_link"
"631","X.ref"
"632","items.state"
"633","items.prj_seq"
"634","items.prj_title"
"635","items.total_319_funds"
"636","items.description"
"637","items.will_has_load_reductions_ind"
"638","items.project_type"
"639","items.huc_8"
"640","items.huc_12"
"641","items.statewide_ind"
"642","items.project_start_date"
"643","items.status"
"644","items.project_link"
"645","items.ws_protect_ind"
"646","items.watershed_plans"
"647","X.ref"
"648","items.state"
"649","items.prj_seq"
"650","items.prj_title"
"651","items.total_319_funds"
"652","items.description"
"653","items.will_has_load_reductions_ind"
"654","items.project_type"
"655","items.huc_8"
"656","items.huc_12"
"657","items.statewide_ind"
"658","items.project_start_date"
"659","items.status"
"660","items.project_link"
"661","X.ref"
"662","items.state"
"663","items.prj_seq"
"664","items.prj_title"
"665","items.total_319_funds"
"666","items.description"
"667","items.will_has_load_reductions_ind"
"668","items.project_type"
"669","items.huc_8"
"670","items.huc_12"
"671","items.statewide_ind"
"672","items.project_start_date"
"673","items.status"
"674","items.project_link"
"675","X.ref"
"676","items.state"
"677","items.prj_seq"
"678","items.prj_title"
"679","items.total_319_funds"
"680","items.description"
"681","items.will_has_load_reductions_ind"
"682","items.project_type"
"683","items.huc_8"
"684","items.huc_12"
"685","items.statewide_ind"
"686","items.project_start_date"
"687","items.status"
"688","items.project_link"
"689","X.ref"
"690","items.state"
"691","items.prj_seq"
"692","items.prj_title"
"693","items.total_319_funds"
"694","items.description"
"695","items.will_has_load_reductions_ind"
"696","items.project_type"
"697","items.huc_8"
"698","items.huc_12"
"699","items.statewide_ind"
"700","items.project_start_date"
"701","items.status"
"702","items.project_link"
"703","items.ws_protect_ind"
"704","items.watershed_plans"
"705","X.ref"
"706","items.state"
"707","items.prj_seq"
"708","items.prj_title"
"709","items.total_319_funds"
"710","items.description"
"711","items.will_has_load_reductions_ind"
"712","items.project_type"
"713","items.huc_8"
"714","items.huc_12"
"715","items.statewide_ind"
"716","items.project_start_date"
"717","items.status"
"718","items.project_link"
"719","X.ref"
"720","items.state"
"721","items.prj_seq"
"722","items.prj_title"
"723","items.total_319_funds"
"724","items.description"
"725","items.will_has_load_reductions_ind"
"726","items.project_type"
"727","items.huc_8"
"728","items.huc_12"
"729","items.statewide_ind"
"730","items.project_start_date"
"731","items.status"
"732","items.project_link"
"733","X.ref"
"734","items.state"
"735","items.prj_seq"
"736","items.prj_title"
"737","items.total_319_funds"
"738","items.description"
"739","items.will_has_load_reductions_ind"
"740","items.project_type"
"741","items.huc_8"
"742","items.huc_12"
"743","items.pollutants"
"744","items.statewide_ind"
"745","items.project_start_date"
"746","items.status"
"747","items.project_link"
"748","X.ref"
"749","items.state"
"750","items.prj_seq"
"751","items.prj_title"
"752","items.total_319_funds"
"753","items.description"
"754","items.will_has_load_reductions_ind"
"755","items.project_type"
"756","items.huc_8"
"757","items.huc_12"
"758","items.statewide_ind"
"759","items.project_start_date"
"760","items.status"
"761","items.project_link"
"762","items.pollutants"
"763","items.ws_protect_ind"
"764","items.watershed_plans"
"765","X.ref"
"766","items.state"
"767","items.prj_seq"
"768","items.prj_title"
"769","items.total_319_funds"
"770","items.description"
"771","items.will_has_load_reductions_ind"
"772","items.project_type"
"773","items.huc_8"
"774","items.huc_12"
"775","items.statewide_ind"
"776","items.project_start_date"
"777","items.status"
"778","items.project_link"
"779","items.pollutants"
"780","items.ws_protect_ind"
"781","items.watershed_plans"
"782","X.ref"
"783","items.state"
"784","items.prj_seq"
"785","items.prj_title"
"786","items.total_319_funds"
"787","items.description"
"788","items.will_has_load_reductions_ind"
"789","items.project_type"
"790","items.huc_8"
"791","items.huc_12"
"792","items.pollutants"
"793","items.statewide_ind"
"794","items.project_start_date"
"795","items.status"
"796","items.project_link"
"797","items.ws_protect_ind"
"798","X.ref"
"799","items.state"
"800","items.prj_seq"
"801","items.prj_title"
"802","items.total_319_funds"
"803","items.description"
"804","items.will_has_load_reductions_ind"
"805","items.project_type"
"806","items.huc_8"
"807","items.huc_12"
"808","items.pollutants"
"809","items.statewide_ind"
"810","items.project_start_date"
"811","items.status"
"812","items.project_link"
"813","X.ref"
"814","items.state"
"815","items.prj_seq"
"816","items.prj_title"
"817","items.total_319_funds"
"818","items.description"
"819","items.will_has_load_reductions_ind"
"820","items.project_type"
"821","items.huc_8"
"822","items.huc_12"
"823","items.statewide_ind"
"824","items.project_start_date"
"825","items.status"
"826","items.project_link"
"827","X.ref"
"828","items.state"
"829","items.prj_seq"
"830","items.prj_title"
"831","items.total_319_funds"
"832","items.description"
"833","items.will_has_load_reductions_ind"
"834","items.project_type"
"835","items.huc_8"
"836","items.huc_12"
"837","items.statewide_ind"
"838","items.project_start_date"
"839","items.status"
"840","items.project_link"
"841","X.ref"
"842","items.state"
"843","items.prj_seq"
"844","items.prj_title"
"845","items.total_319_funds"
"846","items.description"
"847","items.will_has_load_reductions_ind"
"848","items.project_type"
"849","items.huc_8"
"850","items.huc_12"
"851","items.statewide_ind"
"852","items.project_start_date"
"853","items.status"
"854","items.project_link"
"855","X.ref"
"856","items.state"
"857","items.prj_seq"
"858","items.prj_title"
"859","items.total_319_funds"
"860","items.description"
"861","items.will_has_load_reductions_ind"
"862","items.project_type"
"863","items.huc_8"
"864","items.huc_12"
"865","items.statewide_ind"
"866","items.project_start_date"
"867","items.status"
"868","items.project_link"
"869","items.pollutants"
"870","X.ref"
"871","items.state"
"872","items.prj_seq"
"873","items.prj_title"
"874","items.total_319_funds"
"875","items.description"
"876","items.will_has_load_reductions_ind"
"877","items.project_type"
"878","items.huc_8"
"879","items.huc_12"
"880","items.pollutants"
"881","items.statewide_ind"
"882","items.project_start_date"
"883","items.project_link"
"884","X.ref"
"885","items.state"
"886","items.prj_seq"
"887","items.prj_title"
"888","items.total_319_funds"
"889","items.description"
"890","items.will_has_load_reductions_ind"
"891","items.project_type"
"892","items.huc_8"
"893","items.huc_12"
"894","items.statewide_ind"
"895","items.project_start_date"
"896","items.status"
"897","items.project_link"
"898","items.pollutants"
"899","X.ref"
"900","items.state"
"901","items.prj_seq"
"902","items.prj_title"
"903","items.total_319_funds"
"904","items.description"
"905","items.will_has_load_reductions_ind"
"906","items.project_type"
"907","items.huc_8"
"908","items.huc_12"
"909","items.pollutants"
"910","items.statewide_ind"
"911","items.project_start_date"
"912","items.status"
"913","items.project_link"
"914","items.watershed_plans"
"915","items.ws_protect_ind"
"916","X.ref"
"917","items.state"
"918","items.prj_seq"
"919","items.prj_title"
"920","items.total_319_funds"
"921","items.description"
"922","items.will_has_load_reductions_ind"
"923","items.project_type"
"924","items.huc_8"
"925","items.huc_12"
"926","items.statewide_ind"
"927","items.project_start_date"
"928","items.status"
"929","items.project_link"
"930","X.ref"
"931","items.state"
"932","items.prj_seq"
"933","items.prj_title"
"934","items.total_319_funds"
"935","items.description"
"936","items.will_has_load_reductions_ind"
"937","items.project_type"
"938","items.huc_8"
"939","items.huc_12"
"940","items.pollutants"
"941","items.statewide_ind"
"942","items.project_start_date"
"943","items.project_link"
"944","X.ref"
"945","items.state"
"946","items.prj_seq"
"947","items.prj_title"
"948","items.total_319_funds"
"949","items.description"
"950","items.will_has_load_reductions_ind"
"951","items.project_type"
"952","items.huc_8"
"953","items.huc_12"
"954","items.pollutants"
"955","items.statewide_ind"
"956","items.project_start_date"
"957","items.status"
"958","items.project_link"
"959","X.ref"
"960","items.state"
"961","items.prj_seq"
"962","items.prj_title"
"963","items.total_319_funds"
"964","items.description"
"965","items.will_has_load_reductions_ind"
"966","items.project_type"
"967","items.huc_8"
"968","items.huc_12"
"969","items.statewide_ind"
"970","items.project_start_date"
"971","items.status"
"972","items.project_link"
"973","items.ws_protect_ind"
"974","items.watershed_plans"
"975","X.ref"
"976","items.state"
"977","items.prj_seq"
"978","items.prj_title"
"979","items.total_319_funds"
"980","items.description"
"981","items.will_has_load_reductions_ind"
"982","items.project_type"
"983","items.huc_8"
"984","items.huc_12"
"985","items.statewide_ind"
"986","items.project_start_date"
"987","items.status"
"988","items.project_link"
"989","items.ws_protect_ind"
"990","X.ref"
"991","items.state"
"992","items.prj_seq"
"993","items.prj_title"
"994","items.total_319_funds"
"995","items.description"
"996","items.will_has_load_reductions_ind"
"997","items.project_type"
"998","items.huc_8"
"999","items.huc_12"
"1000","items.statewide_ind"
"1001","items.project_start_date"
"1002","items.status"
"1003","items.project_link"
"1004","items.ws_protect_ind"
"1005","X.ref"
"1006","items.state"
"1007","items.prj_seq"
"1008","items.prj_title"
"1009","items.total_319_funds"
"1010","items.description"
"1011","items.will_has_load_reductions_ind"
"1012","items.project_type"
"1013","items.huc_8"
"1014","items.huc_12"
"1015","items.statewide_ind"
"1016","items.project_start_date"
"1017","items.project_link"
"1018","items.ws_protect_ind"
"1019","items.watershed_plans"
"1020","X.ref"
"1021","items.state"
"1022","items.prj_seq"
"1023","items.prj_title"
"1024","items.total_319_funds"
"1025","items.description"
"1026","items.will_has_load_reductions_ind"
"1027","items.project_type"
"1028","items.huc_8"
"1029","items.huc_12"
"1030","items.pollutants"
"1031","items.statewide_ind"
"1032","items.project_start_date"
"1033","items.status"
"1034","items.project_link"
"1035","items.ws_protect_ind"
"1036","X.ref"
"1037","items.state"
"1038","items.prj_seq"
"1039","items.prj_title"
"1040","items.total_319_funds"
"1041","items.description"
"1042","items.will_has_load_reductions_ind"
"1043","items.project_type"
"1044","items.huc_8"
"1045","items.huc_12"
"1046","items.pollutants"
"1047","items.statewide_ind"
"1048","items.project_start_date"
"1049","items.status"
"1050","items.project_link"
"1051","items.ws_protect_ind"
"1052","items.watershed_plans"
"1053","X.ref"
"1054","items.state"
"1055","items.prj_seq"
"1056","items.prj_title"
"1057","items.total_319_funds"
"1058","items.description"
"1059","items.will_has_load_reductions_ind"
"1060","items.project_type"
"1061","items.huc_8"
"1062","items.huc_12"
"1063","items.pollutants"
"1064","items.statewide_ind"
"1065","items.project_start_date"
"1066","items.status"
"1067","items.project_link"
"1068","X.ref"
"1069","items.state"
"1070","items.prj_seq"
"1071","items.prj_title"
"1072","items.total_319_funds"
"1073","items.description"
"1074","items.will_has_load_reductions_ind"
"1075","items.project_type"
"1076","items.huc_8"
"1077","items.huc_12"
"1078","items.pollutants"
"1079","items.statewide_ind"
"1080","items.project_start_date"
"1081","items.status"
"1082","items.project_link"
"1083","items.ws_protect_ind"
"1084","X.ref"
"1085","items.state"
"1086","items.prj_seq"
"1087","items.prj_title"
"1088","items.total_319_funds"
"1089","items.description"
"1090","items.will_has_load_reductions_ind"
"1091","items.project_type"
"1092","items.huc_8"
"1093","items.huc_12"
"1094","items.statewide_ind"
"1095","items.project_start_date"
"1096","items.status"
"1097","items.project_link"
"1098","X.ref"
"1099","items.state"
"1100","items.prj_seq"
"1101","items.prj_title"
"1102","items.total_319_funds"
"1103","items.description"
"1104","items.will_has_load_reductions_ind"
"1105","items.project_type"
"1106","items.huc_8"
"1107","items.huc_12"
"1108","items.statewide_ind"
"1109","items.project_start_date"
"1110","items.status"
"1111","items.project_link"
"1112","items.ws_protect_ind"
"1113","items.watershed_plans"
"1114","X.ref"
"1115","items.state"
"1116","items.prj_seq"
"1117","items.prj_title"
"1118","items.total_319_funds"
"1119","items.description"
"1120","items.will_has_load_reductions_ind"
"1121","items.project_type"
"1122","items.huc_8"
"1123","items.huc_12"
"1124","items.statewide_ind"
"1125","items.project_start_date"
"1126","items.project_link"
"1127","items.ws_protect_ind"
"1128","X.ref"
"1129","items.state"
"1130","items.prj_seq"
"1131","items.prj_title"
"1132","items.total_319_funds"
"1133","items.description"
"1134","items.will_has_load_reductions_ind"
"1135","items.project_type"
"1136","items.huc_8"
"1137","items.huc_12"
"1138","items.statewide_ind"
"1139","items.project_start_date"
"1140","items.project_link"
"1141","items.ws_protect_ind"
"1142","items.watershed_plans"
"1143","X.ref"
"1144","items.state"
"1145","items.prj_seq"
"1146","items.prj_title"
"1147","items.total_319_funds"
"1148","items.description"
"1149","items.will_has_load_reductions_ind"
"1150","items.project_type"
"1151","items.huc_8"
"1152","items.huc_12"
"1153","items.statewide_ind"
"1154","items.project_start_date"
"1155","items.status"
"1156","items.project_link"
"1157","X.ref"
"1158","items.state"
"1159","items.prj_seq"
"1160","items.prj_title"
"1161","items.total_319_funds"
"1162","items.description"
"1163","items.will_has_load_reductions_ind"
"1164","items.project_type"
"1165","items.huc_8"
"1166","items.huc_12"
"1167","items.pollutants"
"1168","items.statewide_ind"
"1169","items.project_start_date"
"1170","items.status"
"1171","items.project_link"
"1172","X.ref"
"1173","items.state"
"1174","items.prj_seq"
"1175","items.prj_title"
"1176","items.total_319_funds"
"1177","items.description"
"1178","items.will_has_load_reductions_ind"
"1179","items.project_type"
"1180","items.huc_8"
"1181","items.huc_12"
"1182","items.statewide_ind"
"1183","items.project_start_date"
"1184","items.status"
"1185","items.project_link"
"1186","items.pollutants"
"1187","X.ref"
"1188","items.state"
"1189","items.prj_seq"
"1190","items.prj_title"
"1191","items.total_319_funds"
"1192","items.description"
"1193","items.will_has_load_reductions_ind"
"1194","items.project_type"
"1195","items.huc_8"
"1196","items.huc_12"
"1197","items.pollutants"
"1198","items.statewide_ind"
"1199","items.project_start_date"
"1200","items.status"
"1201","items.project_link"
"1202","items.ws_protect_ind"
"1203","items.watershed_plans"
"1204","X.ref"
"1205","items.state"
"1206","items.prj_seq"
"1207","items.prj_title"
"1208","items.total_319_funds"
"1209","items.description"
"1210","items.will_has_load_reductions_ind"
"1211","items.project_type"
"1212","items.huc_8"
"1213","items.huc_12"
"1214","items.statewide_ind"
"1215","items.project_start_date"
"1216","items.status"
"1217","items.project_link"
"1218","X.ref"
"1219","items.state"
"1220","items.prj_seq"
"1221","items.prj_title"
"1222","items.total_319_funds"
"1223","items.description"
"1224","items.will_has_load_reductions_ind"
"1225","items.project_type"
"1226","items.huc_8"
"1227","items.huc_12"
"1228","items.statewide_ind"
"1229","items.project_start_date"
"1230","items.project_link"
"1231","items.ws_protect_ind"
"1232","items.watershed_plans"
"1233","X.ref"
"1234","items.state"
"1235","items.prj_seq"
"1236","items.prj_title"
"1237","items.total_319_funds"
"1238","items.description"
"1239","items.will_has_load_reductions_ind"
"1240","items.project_type"
"1241","items.huc_8"
"1242","items.huc_12"
"1243","items.statewide_ind"
"1244","items.project_start_date"
"1245","items.status"
"1246","items.project_link"
"1247","X.ref"
"1248","items.state"
"1249","items.prj_seq"
"1250","items.prj_title"
"1251","items.total_319_funds"
"1252","items.description"
"1253","items.will_has_load_reductions_ind"
"1254","items.project_type"
"1255","items.huc_8"
"1256","items.huc_12"
"1257","items.statewide_ind"
"1258","items.project_start_date"
"1259","items.project_link"
"1260","items.ws_protect_ind"
"1261","items.watershed_plans"
"1262","X.ref"
"1263","items.state"
"1264","items.prj_seq"
"1265","items.prj_title"
"1266","items.total_319_funds"
"1267","items.description"
"1268","items.will_has_load_reductions_ind"
"1269","items.project_type"
"1270","items.huc_8"
"1271","items.huc_12"
"1272","items.statewide_ind"
"1273","items.project_start_date"
"1274","items.project_link"
"1275","X.ref"
"1276","items.state"
"1277","items.prj_seq"
"1278","items.prj_title"
"1279","items.total_319_funds"
"1280","items.description"
"1281","items.will_has_load_reductions_ind"
"1282","items.project_type"
"1283","items.huc_8"
"1284","items.huc_12"
"1285","items.pollutants"
"1286","items.statewide_ind"
"1287","items.project_start_date"
"1288","items.status"
"1289","items.project_link"
"1290","X.ref"
"1291","items.state"
"1292","items.prj_seq"
"1293","items.prj_title"
"1294","items.total_319_funds"
"1295","items.description"
"1296","items.will_has_load_reductions_ind"
"1297","items.project_type"
"1298","items.huc_8"
"1299","items.huc_12"
"1300","items.statewide_ind"
"1301","items.project_start_date"
"1302","items.status"
"1303","items.project_link"
"1304","items.pollutants"
"1305","items.watershed_plans"
"1306","items.ws_protect_ind"
"1307","X.ref"
"1308","items.state"
"1309","items.prj_seq"
"1310","items.prj_title"
"1311","items.total_319_funds"
"1312","items.description"
"1313","items.will_has_load_reductions_ind"
"1314","items.project_type"
"1315","items.huc_8"
"1316","items.huc_12"
"1317","items.pollutants"
"1318","items.statewide_ind"
"1319","items.project_start_date"
"1320","items.status"
"1321","items.project_link"
"1322","items.ws_protect_ind"
"1323","X.ref"
"1324","items.state"
"1325","items.prj_seq"
"1326","items.prj_title"
"1327","items.total_319_funds"
"1328","items.description"
"1329","items.will_has_load_reductions_ind"
"1330","items.project_type"
"1331","items.huc_8"
"1332","items.huc_12"
"1333","items.pollutants"
"1334","items.statewide_ind"
"1335","items.project_start_date"
"1336","items.status"
"1337","items.project_link"
"1338","X.ref"
"1339","items.state"
"1340","items.prj_seq"
"1341","items.prj_title"
"1342","items.total_319_funds"
"1343","items.description"
"1344","items.will_has_load_reductions_ind"
"1345","items.project_type"
"1346","items.huc_8"
"1347","items.huc_12"
"1348","items.statewide_ind"
"1349","items.project_start_date"
"1350","items.status"
"1351","items.project_link"
"1352","X.ref"
"1353","items.state"
"1354","items.prj_seq"
"1355","items.prj_title"
"1356","items.total_319_funds"
"1357","items.description"
"1358","items.will_has_load_reductions_ind"
"1359","items.project_type"
"1360","items.huc_8"
"1361","items.huc_12"
"1362","items.statewide_ind"
"1363","items.project_start_date"
"1364","items.status"
"1365","items.project_link"
"1366","items.pollutants"
"1367","items.ws_protect_ind"
"1368","items.watershed_plans"
"1369","X.ref"
"1370","items.state"
"1371","items.prj_seq"
"1372","items.prj_title"
"1373","items.total_319_funds"
"1374","items.description"
"1375","items.will_has_load_reductions_ind"
"1376","items.project_type"
"1377","items.huc_8"
"1378","items.huc_12"
"1379","items.pollutants"
"1380","items.statewide_ind"
"1381","items.project_start_date"
"1382","items.status"
"1383","items.project_link"
"1384","X.ref"
"1385","items.state"
"1386","items.prj_seq"
"1387","items.prj_title"
"1388","items.total_319_funds"
"1389","items.description"
"1390","items.will_has_load_reductions_ind"
"1391","items.project_type"
"1392","items.huc_8"
"1393","items.huc_12"
"1394","items.pollutants"
"1395","items.statewide_ind"
"1396","items.project_start_date"
"1397","items.status"
"1398","items.project_link"
"1399","items.watershed_plans"
"1400","items.ws_protect_ind"
"1401","X.ref"
"1402","items.state"
"1403","items.prj_seq"
"1404","items.prj_title"
"1405","items.total_319_funds"
"1406","items.description"
"1407","items.will_has_load_reductions_ind"
"1408","items.project_type"
"1409","items.huc_8"
"1410","items.huc_12"
"1411","items.pollutants"
"1412","items.statewide_ind"
"1413","items.project_start_date"
"1414","items.status"
"1415","items.project_link"
"1416","X.ref"
"1417","items.state"
"1418","items.prj_seq"
"1419","items.prj_title"
"1420","items.total_319_funds"
"1421","items.description"
"1422","items.will_has_load_reductions_ind"
"1423","items.project_type"
"1424","items.huc_8"
"1425","items.huc_12"
"1426","items.pollutants"
"1427","items.statewide_ind"
"1428","items.project_start_date"
"1429","items.status"
"1430","items.project_link"
"1431","items.ws_protect_ind"
"1432","X.ref"
"1433","items.state"
"1434","items.prj_seq"
"1435","items.prj_title"
"1436","items.total_319_funds"
"1437","items.description"
"1438","items.will_has_load_reductions_ind"
"1439","items.project_type"
"1440","items.huc_8"
"1441","items.huc_12"
"1442","items.statewide_ind"
"1443","items.project_start_date"
"1444","items.status"
"1445","items.project_link"
"1446","items.pollutants"
"1447","X.ref"
"1448","items.state"
"1449","items.prj_seq"
"1450","items.prj_title"
"1451","items.total_319_funds"
"1452","items.description"
"1453","items.will_has_load_reductions_ind"
"1454","items.project_type"
"1455","items.huc_8"
"1456","items.huc_12"
"1457","items.pollutants"
"1458","items.statewide_ind"
"1459","items.project_start_date"
"1460","items.project_link"
"1461","items.status"
"1462","X.ref"
"1463","items.state"
"1464","items.prj_seq"
"1465","items.prj_title"
"1466","items.total_319_funds"
"1467","items.description"
"1468","items.will_has_load_reductions_ind"
"1469","items.project_type"
"1470","items.huc_8"
"1471","items.huc_12"
"1472","items.statewide_ind"
"1473","items.project_start_date"
"1474","items.status"
"1475","items.project_link"
"1476","items.ws_protect_ind"
"1477","X.ref"
"1478","items.state"
"1479","items.prj_seq"
"1480","items.prj_title"
"1481","items.total_319_funds"
"1482","items.description"
"1483","items.will_has_load_reductions_ind"
"1484","items.project_type"
"1485","items.huc_8"
"1486","items.huc_12"
"1487","items.statewide_ind"
"1488","items.project_start_date"
"1489","items.status"
"1490","items.project_link"
"1491","items.pollutants"
"1492","items.ws_protect_ind"
"1493","X.ref"
"1494","items.state"
"1495","items.prj_seq"
"1496","items.prj_title"
"1497","items.total_319_funds"
"1498","items.description"
"1499","items.will_has_load_reductions_ind"
"1500","items.project_type"
"1501","items.huc_8"
"1502","items.huc_12"
"1503","items.statewide_ind"
"1504","items.project_start_date"
"1505","items.status"
"1506","items.project_link"
"1507","items.pollutants"
"1508","items.watershed_plans"
"1509","X.ref"
"1510","items.state"
"1511","items.prj_seq"
"1512","items.prj_title"
"1513","items.total_319_funds"
"1514","items.description"
"1515","items.will_has_load_reductions_ind"
"1516","items.project_type"
"1517","items.huc_8"
"1518","items.huc_12"
"1519","items.statewide_ind"
"1520","items.project_start_date"
"1521","items.status"
"1522","items.project_link"
"1523","items.pollutants"
"1524","items.watershed_plans"
"1525","X.ref"
"1526","items.state"
"1527","items.prj_seq"
"1528","items.prj_title"
"1529","items.total_319_funds"
"1530","items.description"
"1531","items.will_has_load_reductions_ind"
"1532","items.project_type"
"1533","items.huc_8"
"1534","items.huc_12"
"1535","items.statewide_ind"
"1536","items.project_start_date"
"1537","items.status"
"1538","items.project_link"
"1539","X.ref"
"1540","items.state"
"1541","items.prj_seq"
"1542","items.prj_title"
"1543","items.total_319_funds"
"1544","items.description"
"1545","items.will_has_load_reductions_ind"
"1546","items.project_type"
"1547","items.huc_8"
"1548","items.huc_12"
"1549","items.pollutants"
"1550","items.statewide_ind"
"1551","items.project_start_date"
"1552","items.status"
"1553","items.project_link"
"1554","items.ws_protect_ind"
"1555","X.ref"
"1556","items.state"
"1557","items.prj_seq"
"1558","items.prj_title"
"1559","items.total_319_funds"
"1560","items.description"
"1561","items.will_has_load_reductions_ind"
"1562","items.project_type"
"1563","items.huc_8"
"1564","items.huc_12"
"1565","items.pollutants"
"1566","items.statewide_ind"
"1567","items.project_start_date"
"1568","items.status"
"1569","items.project_link"
"1570","X.ref"
"1571","items.state"
"1572","items.prj_seq"
"1573","items.prj_title"
"1574","items.total_319_funds"
"1575","items.description"
"1576","items.will_has_load_reductions_ind"
"1577","items.project_type"
"1578","items.huc_8"
"1579","items.huc_12"
"1580","items.statewide_ind"
"1581","items.project_start_date"
"1582","items.status"
"1583","items.project_link"
"1584","items.ws_protect_ind"
"1585","items.watershed_plans"
"1586","X.ref"
"1587","items.state"
"1588","items.prj_seq"
"1589","items.prj_title"
"1590","items.total_319_funds"
"1591","items.description"
"1592","items.will_has_load_reductions_ind"
"1593","items.project_type"
"1594","items.huc_8"
"1595","items.huc_12"
"1596","items.statewide_ind"
"1597","items.project_start_date"
"1598","items.status"
"1599","items.project_link"
"1600","items.ws_protect_ind"
"1601","items.watershed_plans"
"1602","X.ref"
"1603","items.state"
"1604","items.prj_seq"
"1605","items.prj_title"
"1606","items.total_319_funds"
"1607","items.description"
"1608","items.will_has_load_reductions_ind"
"1609","items.project_type"
"1610","items.huc_8"
"1611","items.huc_12"
"1612","items.pollutants"
"1613","items.statewide_ind"
"1614","items.project_start_date"
"1615","items.status"
"1616","items.project_link"
"1617","items.ws_protect_ind"
"1618","X.ref"
"1619","items.state"
"1620","items.prj_seq"
"1621","items.prj_title"
"1622","items.total_319_funds"
"1623","items.description"
"1624","items.will_has_load_reductions_ind"
"1625","items.project_type"
"1626","items.huc_8"
"1627","items.huc_12"
"1628","items.pollutants"
"1629","items.statewide_ind"
"1630","items.project_start_date"
"1631","items.status"
"1632","items.project_link"
"1633","X.ref"
"1634","items.state"
"1635","items.prj_seq"
"1636","items.prj_title"
"1637","items.total_319_funds"
"1638","items.description"
"1639","items.will_has_load_reductions_ind"
"1640","items.project_type"
"1641","items.huc_8"
"1642","items.huc_12"
"1643","items.pollutants"
"1644","items.statewide_ind"
"1645","items.project_start_date"
"1646","items.status"
"1647","items.project_link"
"1648","items.ws_protect_ind"
"1649","items.watershed_plans"
"1650","X.ref"
"1651","items.state"
"1652","items.prj_seq"
"1653","items.prj_title"
"1654","items.total_319_funds"
"1655","items.description"
"1656","items.will_has_load_reductions_ind"
"1657","items.project_type"
"1658","items.huc_8"
"1659","items.huc_12"
"1660","items.statewide_ind"
"1661","items.project_start_date"
"1662","items.status"
"1663","items.project_link"
"1664","X.ref"
"1665","items.state"
"1666","items.prj_seq"
"1667","items.prj_title"
"1668","items.total_319_funds"
"1669","items.description"
"1670","items.will_has_load_reductions_ind"
"1671","items.project_type"
"1672","items.huc_8"
"1673","items.huc_12"
"1674","items.pollutants"
"1675","items.statewide_ind"
"1676","items.project_start_date"
"1677","items.status"
"1678","items.project_link"
"1679","X.ref"
"1680","items.state"
"1681","items.prj_seq"
"1682","items.prj_title"
"1683","items.total_319_funds"
"1684","items.description"
"1685","items.will_has_load_reductions_ind"
"1686","items.project_type"
"1687","items.huc_8"
"1688","items.huc_12"
"1689","items.statewide_ind"
"1690","items.project_start_date"
"1691","items.project_link"
"1692","X.ref"
"1693","items.state"
"1694","items.prj_seq"
"1695","items.prj_title"
"1696","items.total_319_funds"
"1697","items.description"
"1698","items.will_has_load_reductions_ind"
"1699","items.project_type"
"1700","items.huc_8"
"1701","items.huc_12"
"1702","items.pollutants"
"1703","items.statewide_ind"
"1704","items.project_start_date"
"1705","items.status"
"1706","items.project_link"
"1707","items.ws_protect_ind"
"1708","X.ref"
"1709","items.state"
"1710","items.prj_seq"
"1711","items.prj_title"
"1712","items.total_319_funds"
"1713","items.description"
"1714","items.will_has_load_reductions_ind"
"1715","items.project_type"
"1716","items.huc_8"
"1717","items.huc_12"
"1718","items.statewide_ind"
"1719","items.project_start_date"
"1720","items.status"
"1721","items.project_link"
"1722","X.ref"
"1723","items.state"
"1724","items.prj_seq"
"1725","items.prj_title"
"1726","items.total_319_funds"
"1727","items.description"
"1728","items.will_has_load_reductions_ind"
"1729","items.project_type"
"1730","items.huc_8"
"1731","items.huc_12"
"1732","items.pollutants"
"1733","items.statewide_ind"
"1734","items.project_start_date"
"1735","items.project_link"
"1736","items.status"
"1737","items.ws_protect_ind"
"1738","items.watershed_plans"
"1739","X.ref"
"1740","items.state"
"1741","items.prj_seq"
"1742","items.prj_title"
"1743","items.total_319_funds"
"1744","items.description"
"1745","items.will_has_load_reductions_ind"
"1746","items.project_type"
"1747","items.huc_8"
"1748","items.huc_12"
"1749","items.pollutants"
"1750","items.statewide_ind"
"1751","items.project_start_date"
"1752","items.status"
"1753","items.project_link"
"1754","items.ws_protect_ind"
"1755","X.ref"
"1756","items.state"
"1757","items.prj_seq"
"1758","items.prj_title"
"1759","items.total_319_funds"
"1760","items.description"
"1761","items.will_has_load_reductions_ind"
"1762","items.project_type"
"1763","items.huc_8"
"1764","items.huc_12"
"1765","items.statewide_ind"
"1766","items.project_start_date"
"1767","items.status"
"1768","items.project_link"
"1769","items.ws_protect_ind"
"1770","X.ref"
"1771","items.state"
"1772","items.prj_seq"
"1773","items.prj_title"
"1774","items.total_319_funds"
"1775","items.description"
"1776","items.will_has_load_reductions_ind"
"1777","items.project_type"
"1778","items.huc_8"
"1779","items.huc_12"
"1780","items.statewide_ind"
"1781","items.project_start_date"
"1782","items.status"
"1783","items.project_link"
"1784","X.ref"
"1785","items.state"
"1786","items.prj_seq"
"1787","items.prj_title"
"1788","items.total_319_funds"
"1789","items.description"
"1790","items.will_has_load_reductions_ind"
"1791","items.project_type"
"1792","items.huc_8"
"1793","items.huc_12"
"1794","items.statewide_ind"
"1795","items.project_start_date"
"1796","items.status"
"1797","items.project_link"
"1798","X.ref"
"1799","items.state"
"1800","items.prj_seq"
"1801","items.prj_title"
"1802","items.total_319_funds"
"1803","items.description"
"1804","items.will_has_load_reductions_ind"
"1805","items.project_type"
"1806","items.huc_8"
"1807","items.huc_12"
"1808","items.pollutants"
"1809","items.statewide_ind"
"1810","items.project_start_date"
"1811","items.status"
"1812","items.project_link"
"1813","X.ref"
"1814","items.state"
"1815","items.prj_seq"
"1816","items.prj_title"
"1817","items.total_319_funds"
"1818","items.description"
"1819","items.will_has_load_reductions_ind"
"1820","items.project_type"
"1821","items.huc_8"
"1822","items.huc_12"
"1823","items.pollutants"
"1824","items.statewide_ind"
"1825","items.project_start_date"
"1826","items.status"
"1827","items.project_link"
"1828","items.ws_protect_ind"
"1829","X.ref"
"1830","items.state"
"1831","items.prj_seq"
"1832","items.prj_title"
"1833","items.total_319_funds"
"1834","items.description"
"1835","items.will_has_load_reductions_ind"
"1836","items.project_type"
"1837","items.huc_8"
"1838","items.huc_12"
"1839","items.statewide_ind"
"1840","items.project_start_date"
"1841","items.project_link"
"1842","items.ws_protect_ind"
"1843","items.watershed_plans"
"1844","X.ref"
"1845","items.state"
"1846","items.prj_seq"
"1847","items.prj_title"
"1848","items.total_319_funds"
"1849","items.description"
"1850","items.will_has_load_reductions_ind"
"1851","items.project_type"
"1852","items.huc_8"
"1853","items.huc_12"
"1854","items.statewide_ind"
"1855","items.project_start_date"
"1856","items.status"
"1857","items.project_link"
"1858","items.ws_protect_ind"
"1859","items.pollutants"
"1860","X.ref"
"1861","items.state"
"1862","items.prj_seq"
"1863","items.prj_title"
"1864","items.total_319_funds"
"1865","items.description"
"1866","items.will_has_load_reductions_ind"
"1867","items.project_type"
"1868","items.huc_8"
"1869","items.huc_12"
"1870","items.pollutants"
"1871","items.statewide_ind"
"1872","items.project_start_date"
"1873","items.status"
"1874","items.project_link"
"1875","items.ws_protect_ind"
"1876","items.watershed_plans"
"1877","X.ref"
"1878","items.state"
"1879","items.prj_seq"
"1880","items.prj_title"
"1881","items.total_319_funds"
"1882","items.description"
"1883","items.will_has_load_reductions_ind"
"1884","items.project_type"
"1885","items.huc_8"
"1886","items.huc_12"
"1887","items.statewide_ind"
"1888","items.project_start_date"
"1889","items.project_link"
"1890","items.ws_protect_ind"
"1891","items.watershed_plans"
"1892","X.ref"
"1893","items.state"
"1894","items.prj_seq"
"1895","items.prj_title"
"1896","items.total_319_funds"
"1897","items.description"
"1898","items.will_has_load_reductions_ind"
"1899","items.project_type"
"1900","items.huc_8"
"1901","items.huc_12"
"1902","items.pollutants"
"1903","items.statewide_ind"
"1904","items.project_start_date"
"1905","items.status"
"1906","items.project_link"
"1907","items.ws_protect_ind"
"1908","X.ref"
"1909","items.state"
"1910","items.prj_seq"
"1911","items.prj_title"
"1912","items.total_319_funds"
"1913","items.description"
"1914","items.will_has_load_reductions_ind"
"1915","items.project_type"
"1916","items.huc_8"
"1917","items.huc_12"
"1918","items.statewide_ind"
"1919","items.project_start_date"
"1920","items.status"
"1921","items.project_link"
"1922","X.ref"
"1923","items.state"
"1924","items.prj_seq"
"1925","items.prj_title"
"1926","items.total_319_funds"
"1927","items.description"
"1928","items.will_has_load_reductions_ind"
"1929","items.project_type"
"1930","items.huc_8"
"1931","items.huc_12"
"1932","items.statewide_ind"
"1933","items.project_start_date"
"1934","items.status"
"1935","items.project_link"
"1936","items.pollutants"
"1937","X.ref"
"1938","items.state"
"1939","items.prj_seq"
"1940","items.prj_title"
"1941","items.total_319_funds"
"1942","items.description"
"1943","items.will_has_load_reductions_ind"
"1944","items.project_type"
"1945","items.huc_8"
"1946","items.huc_12"
"1947","items.statewide_ind"
"1948","items.project_start_date"
"1949","items.status"
"1950","items.project_link"
"1951","X.ref"
"1952","items.state"
"1953","items.prj_seq"
"1954","items.prj_title"
"1955","items.total_319_funds"
"1956","items.description"
"1957","items.will_has_load_reductions_ind"
"1958","items.project_type"
"1959","items.huc_8"
"1960","items.huc_12"
"1961","items.pollutants"
"1962","items.statewide_ind"
"1963","items.project_start_date"
"1964","items.status"
"1965","items.project_link"
"1966","items.ws_protect_ind"
"1967","X.ref"
"1968","items.state"
"1969","items.prj_seq"
"1970","items.prj_title"
"1971","items.total_319_funds"
"1972","items.description"
"1973","items.will_has_load_reductions_ind"
"1974","items.project_type"
"1975","items.huc_8"
"1976","items.huc_12"
"1977","items.statewide_ind"
"1978","items.project_start_date"
"1979","items.status"
"1980","items.project_link"
"1981","items.pollutants"
"1982","X.ref"
"1983","items.state"
"1984","items.prj_seq"
"1985","items.prj_title"
"1986","items.total_319_funds"
"1987","items.description"
"1988","items.will_has_load_reductions_ind"
"1989","items.project_type"
"1990","items.huc_8"
"1991","items.huc_12"
"1992","items.statewide_ind"
"1993","items.project_start_date"
"1994","items.status"
"1995","items.project_link"
"1996","items.pollutants"
"1997","X.ref"
"1998","items.state"
"1999","items.prj_seq"
"2000","items.prj_title"
"2001","items.total_319_funds"
"2002","items.description"
"2003","items.will_has_load_reductions_ind"
"2004","items.project_type"
"2005","items.huc_8"
"2006","items.huc_12"
"2007","items.pollutants"
"2008","items.statewide_ind"
"2009","items.project_start_date"
"2010","items.status"
"2011","items.project_link"
"2012","items.watershed_plans"
"2013","items.ws_protect_ind"
"2014","X.ref"
"2015","items.state"
"2016","items.prj_seq"
"2017","items.prj_title"
"2018","items.total_319_funds"
"2019","items.description"
"2020","items.will_has_load_reductions_ind"
"2021","items.project_type"
"2022","items.huc_8"
"2023","items.huc_12"
"2024","items.pollutants"
"2025","items.statewide_ind"
"2026","items.project_start_date"
"2027","items.status"
"2028","items.project_link"
"2029","items.ws_protect_ind"
"2030","items.watershed_plans"
"2031","X.ref"
"2032","items.state"
"2033","items.prj_seq"
"2034","items.prj_title"
"2035","items.total_319_funds"
"2036","items.description"
"2037","items.will_has_load_reductions_ind"
"2038","items.project_type"
"2039","items.huc_8"
"2040","items.huc_12"
"2041","items.pollutants"
"2042","items.statewide_ind"
"2043","items.project_start_date"
"2044","items.status"
"2045","items.project_link"
"2046","X.ref"
"2047","items.state"
"2048","items.prj_seq"
"2049","items.prj_title"
"2050","items.total_319_funds"
"2051","items.description"
"2052","items.will_has_load_reductions_ind"
"2053","items.project_type"
"2054","items.huc_8"
"2055","items.huc_12"
"2056","items.statewide_ind"
"2057","items.project_start_date"
"2058","items.status"
"2059","items.project_link"
"2060","X.ref"
"2061","items.state"
"2062","items.prj_seq"
"2063","items.prj_title"
"2064","items.total_319_funds"
"2065","items.description"
"2066","items.will_has_load_reductions_ind"
"2067","items.project_type"
"2068","items.huc_8"
"2069","items.huc_12"
"2070","items.statewide_ind"
"2071","items.project_start_date"
"2072","items.status"
"2073","items.project_link"
"2074","items.watershed_plans"
"2075","items.pollutants"
"2076","items.ws_protect_ind"
"2077","X.ref"
"2078","items.state"
"2079","items.prj_seq"
"2080","items.prj_title"
"2081","items.total_319_funds"
"2082","items.description"
"2083","items.will_has_load_reductions_ind"
"2084","items.project_type"
"2085","items.huc_8"
"2086","items.huc_12"
"2087","items.pollutants"
"2088","items.statewide_ind"
"2089","items.project_start_date"
"2090","items.project_link"
"2091","X.ref"
"2092","items.state"
"2093","items.prj_seq"
"2094","items.prj_title"
"2095","items.total_319_funds"
"2096","items.description"
"2097","items.will_has_load_reductions_ind"
"2098","items.project_type"
"2099","items.huc_8"
"2100","items.huc_12"
"2101","items.statewide_ind"
"2102","items.project_start_date"
"2103","items.status"
"2104","items.project_link"
"2105","X.ref"
"2106","items.state"
"2107","items.prj_seq"
"2108","items.prj_title"
"2109","items.total_319_funds"
"2110","items.description"
"2111","items.will_has_load_reductions_ind"
"2112","items.project_type"
"2113","items.huc_8"
"2114","items.huc_12"
"2115","items.statewide_ind"
"2116","items.project_start_date"
"2117","items.status"
"2118","items.project_link"
"2119","items.ws_protect_ind"
"2120","X.ref"
"2121","items.state"
"2122","items.prj_seq"
"2123","items.prj_title"
"2124","items.total_319_funds"
"2125","items.description"
"2126","items.will_has_load_reductions_ind"
"2127","items.project_type"
"2128","items.huc_8"
"2129","items.huc_12"
"2130","items.pollutants"
"2131","items.statewide_ind"
"2132","items.project_start_date"
"2133","items.project_link"
"2134","items.status"
"2135","items.ws_protect_ind"
"2136","X.ref"
"2137","items.state"
"2138","items.prj_seq"
"2139","items.prj_title"
"2140","items.total_319_funds"
"2141","items.description"
"2142","items.will_has_load_reductions_ind"
"2143","items.project_type"
"2144","items.huc_8"
"2145","items.huc_12"
"2146","items.pollutants"
"2147","items.statewide_ind"
"2148","items.project_start_date"
"2149","items.project_link"
"2150","items.ws_protect_ind"
"2151","X.ref"
"2152","items.state"
"2153","items.prj_seq"
"2154","items.prj_title"
"2155","items.total_319_funds"
"2156","items.description"
"2157","items.will_has_load_reductions_ind"
"2158","items.project_type"
"2159","items.huc_8"
"2160","items.huc_12"
"2161","items.statewide_ind"
"2162","items.project_start_date"
"2163","items.status"
"2164","items.project_link"
"2165","items.pollutants"
"2166","items.ws_protect_ind"
"2167","X.ref"
"2168","items.state"
"2169","items.prj_seq"
"2170","items.prj_title"
"2171","items.total_319_funds"
"2172","items.description"
"2173","items.will_has_load_reductions_ind"
"2174","items.project_type"
"2175","items.huc_8"
"2176","items.huc_12"
"2177","items.pollutants"
"2178","items.statewide_ind"
"2179","items.project_start_date"
"2180","items.status"
"2181","items.project_link"
"2182","items.watershed_plans"
"2183","items.ws_protect_ind"
"2184","X.ref"
"2185","items.state"
"2186","items.prj_seq"
"2187","items.prj_title"
"2188","items.total_319_funds"
"2189","items.description"
"2190","items.will_has_load_reductions_ind"
"2191","items.project_type"
"2192","items.huc_8"
"2193","items.huc_12"
"2194","items.pollutants"
"2195","items.statewide_ind"
"2196","items.project_start_date"
"2197","items.project_link"
"2198","X.ref"
"2199","items.state"
"2200","items.prj_seq"
"2201","items.prj_title"
"2202","items.total_319_funds"
"2203","items.description"
"2204","items.will_has_load_reductions_ind"
"2205","items.project_type"
"2206","items.huc_8"
"2207","items.huc_12"
"2208","items.pollutants"
"2209","items.statewide_ind"
"2210","items.project_start_date"
"2211","items.status"
"2212","items.project_link"
"2213","items.ws_protect_ind"
"2214","X.ref"
"2215","items.state"
"2216","items.prj_seq"
"2217","items.prj_title"
"2218","items.total_319_funds"
"2219","items.description"
"2220","items.will_has_load_reductions_ind"
"2221","items.project_type"
"2222","items.huc_8"
"2223","items.huc_12"
"2224","items.pollutants"
"2225","items.statewide_ind"
"2226","items.project_start_date"
"2227","items.status"
"2228","items.project_link"
"2229","X.ref"
"2230","items.state"
"2231","items.prj_seq"
"2232","items.prj_title"
"2233","items.total_319_funds"
"2234","items.description"
"2235","items.will_has_load_reductions_ind"
"2236","items.project_type"
"2237","items.huc_8"
"2238","items.huc_12"
"2239","items.pollutants"
"2240","items.statewide_ind"
"2241","items.project_start_date"
"2242","items.status"
"2243","items.project_link"
"2244","items.ws_protect_ind"
"2245","X.ref"
"2246","items.state"
"2247","items.prj_seq"
"2248","items.prj_title"
"2249","items.total_319_funds"
"2250","items.description"
"2251","items.will_has_load_reductions_ind"
"2252","items.project_type"
"2253","items.huc_8"
"2254","items.huc_12"
"2255","items.statewide_ind"
"2256","items.project_start_date"
"2257","items.status"
"2258","items.project_link"
"2259","items.ws_protect_ind"
"2260","X.ref"
"2261","items.state"
"2262","items.prj_seq"
"2263","items.prj_title"
"2264","items.total_319_funds"
"2265","items.description"
"2266","items.will_has_load_reductions_ind"
"2267","items.project_type"
"2268","items.huc_8"
"2269","items.huc_12"
"2270","items.pollutants"
"2271","items.statewide_ind"
"2272","items.project_start_date"
"2273","items.status"
"2274","items.project_link"
"2275","items.ws_protect_ind"
"2276","items.watershed_plans"
"2277","X.ref"
"2278","items.state"
"2279","items.prj_seq"
"2280","items.prj_title"
"2281","items.total_319_funds"
"2282","items.description"
"2283","items.will_has_load_reductions_ind"
"2284","items.project_type"
"2285","items.huc_8"
"2286","items.huc_12"
"2287","items.pollutants"
"2288","items.statewide_ind"
"2289","items.project_start_date"
"2290","items.status"
"2291","items.project_link"
"2292","items.ws_protect_ind"
"2293","X.ref"
"2294","items.state"
"2295","items.prj_seq"
"2296","items.prj_title"
"2297","items.total_319_funds"
"2298","items.description"
"2299","items.will_has_load_reductions_ind"
"2300","items.project_type"
"2301","items.huc_8"
"2302","items.huc_12"
"2303","items.pollutants"
"2304","items.statewide_ind"
"2305","items.project_start_date"
"2306","items.status"
"2307","items.project_link"
"2308","items.ws_protect_ind"
"2309","X.ref"
"2310","items.state"
"2311","items.prj_seq"
"2312","items.prj_title"
"2313","items.total_319_funds"
"2314","items.description"
"2315","items.will_has_load_reductions_ind"
"2316","items.project_type"
"2317","items.huc_8"
"2318","items.huc_12"
"2319","items.statewide_ind"
"2320","items.project_start_date"
"2321","items.status"
"2322","items.project_link"
"2323","items.pollutants"
"2324","X.ref"
"2325","items.state"
"2326","items.prj_seq"
"2327","items.prj_title"
"2328","items.total_319_funds"
"2329","items.description"
"2330","items.will_has_load_reductions_ind"
"2331","items.project_type"
"2332","items.huc_8"
"2333","items.huc_12"
"2334","items.statewide_ind"
"2335","items.project_start_date"
"2336","items.status"
"2337","items.project_link"
"2338","X.ref"
"2339","items.state"
"2340","items.prj_seq"
"2341","items.prj_title"
"2342","items.total_319_funds"
"2343","items.description"
"2344","items.will_has_load_reductions_ind"
"2345","items.project_type"
"2346","items.huc_8"
"2347","items.huc_12"
"2348","items.statewide_ind"
"2349","items.project_start_date"
"2350","items.status"
"2351","items.project_link"
